<?xml version="1.0" encoding="UTF-8"?>
<project-private xmlns="http://www.netbeans.org/ns/project-private/1">
    <editor-bookmarks xmlns="http://www.netbeans.org/ns/editor-bookmarks/2" lastBookmarkId="0"/>
    <open-files xmlns="http://www.netbeans.org/ns/projectui-open-files/2">
        <group>
            <file>file:/C:/Users/ywanes/Documents/NetBeansProjects/jsch-0.1.54E/src/ComplementoJsch/ScpTo.java</file>
            <file>file:/C:/Users/ywanes/Documents/NetBeansProjects/jsch-0.1.54E/src/ComplementoJsch/ScpFrom.java</file>
            <file>file:/C:/Users/ywanes/Documents/NetBeansProjects/jsch-0.1.54E/src/com/jcraft/jsch/jcraft/Compression.java</file>
        </group>
    </open-files>
</project-private>
